full_name,name,accuracy,z_amb_precision,z_amb_recall,z_amb_f1-score,z_amb_support,z_minus_m_precision,z_minus_m_recall,z_minus_m_f1-score,z_minus_m_support,z_plus_m_precision,z_plus_m_recall,z_plus_m_f1-score,z_plus_m_support,z_zero_precision,z_zero_recall,z_zero_f1-score,z_zero_support,macro avg_precision,macro avg_recall,macro avg_f1-score,macro avg_support,weighted avg_precision,weighted avg_recall,weighted avg_f1-score,weighted avg_support
allegro/herbert-base-cased_finetuned-run-1,allegro/herbert-base-cased,0.8523138832997988,0.7276422764227642,0.6236933797909407,0.6716697936210132,287,0.8539823008849557,0.9341723136495643,0.8922792417938048,1033,0.8743243243243243,0.893646408839779,0.883879781420765,724,0.8861788617886179,0.7414965986394558,0.8074074074074075,441,0.8355319408551656,0.798252175229935,0.8138090560607476,2485,0.8510312833026495,0.8523138832997988,0.8492914752344192,2485
clarin-pl/roberta-polish-kgr10_finetuned-run-1,clarin-pl/roberta-polish-kgr10,0.8173038229376257,0.7079646017699115,0.5574912891986062,0.6237816764132553,287,0.8117953165654813,0.9060987415295256,0.8563586459286368,1033,0.8691322901849218,0.8439226519337016,0.8563419761737912,724,0.8039702233250621,0.7346938775510204,0.7677725118483414,441,0.7982156079613442,0.7605516400532135,0.7760637025910062,2485,0.8151199393562747,0.8173038229376257,0.8137718675452029,2485
